name,code_dept
ADEME Auvergne-Rhône-Alpes - Biométhane,01
ADEME Auvergne-Rhône-Alpes - Biométhane,03
ADEME Auvergne-Rhône-Alpes - Biométhane,07
ADEME Auvergne-Rhône-Alpes - Biométhane,15
ADEME Auvergne-Rhône-Alpes - Biométhane,26
ADEME Auvergne-Rhône-Alpes - Biométhane,38
ADEME Auvergne-Rhône-Alpes - Biométhane,42
ADEME Auvergne-Rhône-Alpes - Biométhane,43
ADEME Auvergne-Rhône-Alpes - Biométhane,63
ADEME Auvergne-Rhône-Alpes - Biométhane,69
ADEME Auvergne-Rhône-Alpes - Biométhane,73
ADEME Auvergne-Rhône-Alpes - Biométhane,74
ADEME Bourgogne-Franche-Comté - Biométhane,21
ADEME Bourgogne-Franche-Comté - Biométhane,25
ADEME Bourgogne-Franche-Comté - Biométhane,39
ADEME Bourgogne-Franche-Comté - Biométhane,58
ADEME Bourgogne-Franche-Comté - Biométhane,70
ADEME Bourgogne-Franche-Comté - Biométhane,71
ADEME Bourgogne-Franche-Comté - Biométhane,89
ADEME Bourgogne-Franche-Comté - Biométhane,90
ADEME Bretagne - Biométhane,22
ADEME Bretagne - Biométhane,29
ADEME Bretagne - Biométhane,35
ADEME Bretagne - Biométhane,56
ADEME Centre-Val de Loire - Biométhane,18
ADEME Centre-Val de Loire - Biométhane,28
ADEME Centre-Val de Loire - Biométhane,36
ADEME Centre-Val de Loire - Biométhane,37
ADEME Centre-Val de Loire - Biométhane,41
ADEME Centre-Val de Loire - Biométhane,45
ADEME Corse - Biométhane,2A
ADEME Corse - Biométhane,2B
ADEME Grand Est - Biométhane,08
ADEME Grand Est - Biométhane,10
ADEME Grand Est - Biométhane,51
ADEME Grand Est - Biométhane,52
ADEME Grand Est - Biométhane,54
ADEME Grand Est - Biométhane,55
ADEME Grand Est - Biométhane,57
ADEME Grand Est - Biométhane,67
ADEME Grand Est - Biométhane,68
ADEME Grand Est - Biométhane,88
ADEME Hauts-de-France - Biométhane,02
ADEME Hauts-de-France - Biométhane,59
ADEME Hauts-de-France - Biométhane,60
ADEME Hauts-de-France - Biométhane,62
ADEME Hauts-de-France - Biométhane,80
ADEME Normandie - Biométhane,14
ADEME Normandie - Biométhane,27
ADEME Normandie - Biométhane,50
ADEME Normandie - Biométhane,61
ADEME Normandie - Biométhane,76
ADEME Nouvelle-Aquitaine - Biométhane,16
ADEME Nouvelle-Aquitaine - Biométhane,17
ADEME Nouvelle-Aquitaine - Biométhane,19
ADEME Nouvelle-Aquitaine - Biométhane,23
ADEME Nouvelle-Aquitaine - Biométhane,24
ADEME Nouvelle-Aquitaine - Biométhane,33
ADEME Nouvelle-Aquitaine - Biométhane,40
ADEME Nouvelle-Aquitaine - Biométhane,47
ADEME Nouvelle-Aquitaine - Biométhane,64
ADEME Nouvelle-Aquitaine - Biométhane,79
ADEME Nouvelle-Aquitaine - Biométhane,86
ADEME Nouvelle-Aquitaine - Biométhane,87
ADEME Occitanie - Biométhane,09
ADEME Occitanie - Biométhane,11
ADEME Occitanie - Biométhane,12
ADEME Occitanie - Biométhane,30
ADEME Occitanie - Biométhane,31
ADEME Occitanie - Biométhane,32
ADEME Occitanie - Biométhane,34
ADEME Occitanie - Biométhane,46
ADEME Occitanie - Biométhane,48
ADEME Occitanie - Biométhane,65
ADEME Occitanie - Biométhane,66
ADEME Occitanie - Biométhane,81
ADEME Occitanie - Biométhane,82
ADEME Pays de la Loire - Biométhane,44
ADEME Pays de la Loire - Biométhane,49
ADEME Pays de la Loire - Biométhane,53
ADEME Pays de la Loire - Biométhane,72
ADEME Pays de la Loire - Biométhane,85
ADEME Provence-Alpes-Côte d'Azur - Biométhane,04
ADEME Provence-Alpes-Côte d'Azur - Biométhane,05
ADEME Provence-Alpes-Côte d'Azur - Biométhane,06
ADEME Provence-Alpes-Côte d'Azur - Biométhane,13
ADEME Provence-Alpes-Côte d'Azur - Biométhane,83
ADEME Provence-Alpes-Côte d'Azur - Biométhane,84
ADEME Île-de-France - Biométhane,75
ADEME Île-de-France - Biométhane,77
ADEME Île-de-France - Biométhane,78
ADEME Île-de-France - Biométhane,91
ADEME Île-de-France - Biométhane,92
ADEME Île-de-France - Biométhane,93
ADEME Île-de-France - Biométhane,94
ADEME Île-de-France - Biométhane,95
