code,nom,fermentescible,graisse,is_double_compte,makes_huile_vegetale,is_displayed,is_industrial_waste,category
ALGUES,Algues,1,1,1,0,1,0,ANN-IX-A
AMIDON_RESIDUEL,Amidon résiduel,1,0,0,0,1,0,EP2AM
BAGASSE,Bagasse,1,0,1,0,1,0,ANN-IX-A
BALLES,Balles (enveloppes),1,0,1,0,0,0,ANN-IX-A
BETTERAVE,Betterave,1,0,0,0,1,0,CONV
BLE,Blé,1,0,0,0,1,0,CONV
BOUES_EPURATION,Boues d'épuration,1,1,1,0,1,0,ANN-IX-A
BRAI_TALLOL,Brai de tallol,0,1,1,0,1,0,ANN-IX-A
CANNE_A_SUCRE,Canne à sucre,1,0,0,0,1,0,CONV
CARINATA,Carinata,0,1,0,1,1,0,CONV
COLZA,Colza,0,1,0,1,1,0,CONV
COQUES,Coques,1,0,1,0,0,0,ANN-IX-A
DECHETS_BOIS,Déchets de bois,1,1,1,0,1,0,ANN-IX-A
DECHETS_INDUSTRIELS,Déchets industriels,1,1,1,0,1,1,ANN-IX-A
DECHETS_MUNICIPAUX_MELANGE,Déchets municipaux en mélange (Hors déchets ménagers triés),1,1,1,0,0,0,ANN-IX-A
DECHETS_ORGANIQUES_MENAGERS,Déchets organiques ménagers,1,1,1,0,1,0,ANN-IX-A
DISTILLAT_ACIDE_GRAS_PALME,Distillat d'acide gras de palme,0,1,0,1,1,0,CONV
DPSC,Déchet de processus sucrier contaminé,1,0,0,0,1,0,OTHER
EFFLUENTS_HUILERIES_PALME_RAFLE,Effluents d'huileries de palme et rafles,0,1,1,0,1,0,ANN-IX-A
EP2,Égouts pauvres de 2ème extraction,1,0,0,0,1,0,OTHER
ETHANOL_PUR_LIES_VIN,Ethanol pur de lies de vin,1,0,1,0,1,0,ANN-IX-A
ETHANOL_PUR_MARC_RAISIN,Ethanol pur de marc de raisin,1,0,1,0,1,0,ANN-IX-A
FUMIER_HUMIDE,Fumier humide,1,0,1,0,0,0,ANN-IX-A
FUMIER_SEC,Fumier sec,1,0,1,0,0,0,ANN-IX-A
GLYCERINE_BRUTE,Glycérine brute,1,1,1,0,1,0,ANN-IX-A
GRAISSES_FLOTTATION,Graisses de flottation,0,1,1,0,1,0,ANN-IX-A
HUILE_ALIMENTAIRE_USAGEE,Huile alimentaire usagée,0,1,1,0,1,0,ANN-IX-B
HUILE_PALME,Huile de palme,0,1,0,0,1,0,CONV
HUILES_OU_GRAISSES_ANIMALES_CAT1_CAT2,Huiles ou graisses animales (catégorie I et/ou II),0,1,1,0,1,0,ANN-IX-B
HUILES_OU_GRAISSES_ANIMALES_CAT3,Huiles ou graisses animales (catégorie III),0,1,0,0,1,0,CAT3
LIES_DE_VIN,Lies de vin,1,0,1,0,1,0,ANN-IX-A
MAIS,Maïs,1,0,0,0,1,0,CONV
MARC_DE_RAISIN,Marc de raisin,1,0,1,0,1,0,ANN-IX-A
MAT_CELLULOSIQUE_NON_ALIMENTAIRE,Matières cellulosiques d'origine non alimentaire,1,0,1,0,0,0,ANN-IX-A
MAT_LIGNO_CELLULOSIQUE,Matières ligno-cellulosiques (Hors grumes de sciage & de placage),1,0,1,0,0,0,ANN-IX-A
MELASSE,Mélasse,1,0,0,0,1,0,CONV
ORGE,Orge,1,0,0,0,1,0,CONV
PAILLE,Paille,1,0,1,0,1,0,ANN-IX-A
RAPES,Râpes,1,0,1,0,1,0,ANN-IX-A
RESIDUS_DE_BIERE,Résidus de bière,1,0,0,0,1,0,OTHER
RESIDUS_VINIQUES,Résidus viniques,1,0,1,0,1,0,ANN-IX-A
SEIGLE,Seigle,1,0,0,0,1,0,CONV
SOJA,Soja,0,1,0,1,1,0,CONV
SORGHO,Sorgho,1,0,0,0,1,0,CONV
TALLOL,Tallol,0,1,0,0,1,0,TALLOL
TOURNESOL,Tournesol,0,1,0,1,1,0,CONV
TRITICALE,Triticale,1,0,0,0,1,0,CONV
AMIDON_RESIDUEL_DECHETS,Amidons résiduels déchets,1,0,1,0,1,1,ANN-IX-A
RAW_METHANOL_KRAFT_PULPING,Méthanol brut issu de la pâte kraft obtenue à partir de la pulpe de bois,1,0,1,0,1,0,ANN-IX-A
CIVE,Culture intermédiaire,1,1,1,1,0,0,ANN-IX-B
HUILES_DE_FUSEL,Huiles de fusel,1,0,1,1,1,1,ANN-IX-A
MAUVAIS_GOUTS,Alcools mauvais goûts,1,0,1,1,1,1,ANN-IX-A
HUILES_ACIDES_DE_PLUMES_DE_VOLAILLES,Huiles acides de plumes de volailles,0,1,1,1,1,1,ANN-IX-A
PATES_DE_NEUTRALISATION,Huiles acides de pâtes de neutralisation ,0,1,1,1,1,1,ANN-IX-A
HUILES_DE_TERRES_DE_BLANCHIMENT_USAGEES,Huiles de terres de blanchiment usagées,0,1,1,1,1,1,ANN-IX-A
RESIDUS_DE_CRISTALLISATION_D_HYDROLYSATS_DE_DEXTROSE,Résidus de cristallisation d'hydrolysats de dextrose,1,0,1,1,1,1,ANN-IX-A
RETENTATS_DE_MICROFILTRATION_DE_SOLUTION_DE_GLUCOSE,Rétentats de microfiltration de solution de glucose,1,0,1,1,1,1,ANN-IX-A
HUILE_DE_COQUE_DE_NOIX_DE_CAJOU,Huile de coque de noix de cajou,0,1,1,1,1,1,ANN-IX-A
ETHANOL_DE_RINÇAGE,Ethanol de rinçage de lignes de production de l'industrie cosmétique,1,0,1,1,1,1,ANN-IX-A
ALCOOL_DE_SYNTHESE_PHARMACEUTIQUE,Alcool résiduel de synthèse pharmaceutique,1,0,1,1,1,1,ANN-IX-A
RESIDUS_DE_TRANSESTERIFICATION_D_HUILES,Résidus de transestérification d'huiles,0,1,1,1,1,1,ANN-IX-A
HUILES_ACIDES_NEUTRALISEES_AYANT_UNE_HAUTE_TENEUR_EN_SOUFRE,Huiles acides neutralisées ayant une haute teneur en soufre,0,1,1,1,1,1,ANN-IX-A
GRAISSES_BRUNES,Graisses brunes,0,1,1,1,1,1,ANN-IX-A
GRAISSES_D_INSECTES,Graisses d'insectes,0,1,1,1,1,1,ANN-IX-A
LEVURES_USAGEES,Levures usagées,1,0,1,1,1,1,ANN-IX-A
POUSSIERES_DE_MAIS_CONTAMINEES,Poussières de maïs contaminées,1,0,1,1,1,1,ANN-IX-A
DECHETS_ALCOOLIQUES_ISSUS_DU_TRAITEMENT_DE_PLASMA_SANGUIN,Déchets alcooliques issus du traitement de plasma sanguin,1,0,1,1,1,1,ANN-IX-A
ACIDES_GRAS_DE_NOIX_DE_COCO_DISTILLES,Acides gras de noix de coco distillés,0,1,1,1,1,1,ANN-IX-A
RAFLES_DE_FRUITS_VIDES,Rafles de fruits vides,0,1,1,1,1,1,ANN-IX-A
SUCRES_DECHETS_CONTENANT_DE_L_AMIDON,Sucres déchets contenant de l'amidon,1,0,1,1,1,1,ANN-IX-A
FRACTION_LOURDE_ISSUE_DE_LA_FABRICATION_DE_FARINE,Fraction lourde issue de la fabrication de farine,1,0,1,1,1,1,ANN-IX-A
DECHETS_ALIMENTAIRES,Déchets alimentaires,1,1,1,0,1,1,ANN-IX-A
DESALCOOLISATS_DE_BIERE,Désalcoolisats de bière,1,0,1,0,1,1,ANN-IX-A
DISTILLATS_DE_DESODORISATION_DES_HUILES_VEGETALES,Distillats de désodorisation des huiles végétales,0,1,1,0,1,1,ANN-IX-A
GERMES_DE_BLE_DEGRAISSES,Germes de blé dégraissés,1,0,1,0,1,1,ANN-IX-A
ALCOOL_ISSU_DE_LA_DESALCOOLISATION_DU_VIN,Alcool issu de la désalcoolisation du vin,1,0,1,0,1,1,ANN-IX-A
HUILES_OU_GRAISSES_ISSUES_DES_EAUX_USEES_PROVENANT_DU_TRANSPORT_MARITIME,Huiles ou graisses issues des eaux usées provenant du transport maritime,0,1,1,0,1,1,ANN-IX-A
ETHANOL_CONTAMINE_UTILISE_POUR_L_EXTRACTION_DE_PROTEINES_DE_CEREALES,Ethanol contaminé utilisé pour l'extraction de protéines de céréales,1,0,1,0,1,1,ANN-IX-A
DECHETS_DE_CRIBLAGE_DU_MAIS_DE_MOULIN_HUMIDE,Déchets de criblage du maïs de moulin humide,1,0,1,0,1,1,ANN-IX-A
BOUES_ISSUES_DU_STOCKAGE_INDUSTRIEL,Boues issues du stockage industriel,0,1,1,0,1,1,ANN-IX-A